Factor1,Factor2
-7.8267016,7.953255
-7.740289,8.512733
-7.181646,8.396266
-8.34226,7.418146
-8.257638,8.533158
-8.167136,7.7140613
-7.609999,7.746912
-7.6749682,8.731427
-7.4405823,9.206127
-7.82765,7.3756294
-7.8282356,7.847137
-7.75889,8.714708
-8.312002,8.34491
-7.843081,8.4615
-7.2517886,7.5836806
-6.8307467,7.1424975
-7.928747,8.837553
-7.5533786,8.825046
-8.105127,8.23311
-7.1943984,8.266337
-7.370814,8.680771
-7.527618,8.478522
-7.055994,7.187139
-6.857689,8.672788
-6.8506365,8.154488
-8.318613,8.197408
-6.5895853,7.3891635
-7.141294,8.350752
-7.240799,7.406973
-7.8863077,8.605421
-8.365205,7.8780365
-8.672394,8.09131
-7.517299,8.240816
-8.125309,8.390868
-7.856861,8.520475
-8.035632,8.799101
-8.134024,8.961863
-8.03845,6.880753
-8.456037,8.044285
-7.3683233,8.494701
-8.361993,8.693153
-7.990472,7.778233
-8.633906,8.122072
-7.888131,8.031914
-7.248115,7.3675585
-7.898395,8.987606
-7.42273,7.6234703
-7.9954357,8.189838
-8.18375,8.327431
-8.391921,7.6341367
-8.555838,7.5579567
-7.6014376,8.645072
-7.0462155,7.539956
-8.470708,8.474474
-7.2973223,8.850047
-8.363463,7.4981465
-7.444696,7.9211087
-8.686238,7.361193
-6.9001956,8.247267
-8.760633,7.5132327
-7.3908634,8.189928
-8.333535,7.5369024
-7.1658607,7.875503
5.583766,4.4816017
5.540126,4.1444607
5.44773,3.132795
5.923904,4.302882
5.814875,4.664036
6.041624,3.615335
5.788417,3.9953487
6.085942,4.285347
5.951804,2.996404
5.1092157,4.031114
5.5939827,4.131166
5.7174826,4.2890563
5.599146,4.6630383
5.4311223,4.665848
5.296788,3.6000848
5.828746,3.2546875
5.882011,3.0019536
-7.376228,8.627835
-8.22438,7.7235146
-8.496499,8.455739
-8.118583,8.511024
-7.38665,8.561587
-8.16182,8.262864
-7.8525686,6.9729834
-7.3271184,7.557193
-7.7634096,8.340215
-7.5184817,8.634412
-6.8931,7.766397
-6.9863048,7.9228992
-7.6216273,8.6101675
-8.353705,7.004214
-7.3472514,9.057464
-7.029482,7.0788035
-7.0201664,7.6653132
-7.740154,7.557531
-7.40659,9.20922
-7.272247,8.947628
-8.518861,7.4361506
-8.241945,8.724294
-7.934468,8.12918
-7.3109636,7.3473973
-7.526828,8.924456
-8.077092,7.92973
-7.7127204,8.546256
-7.988286,8.137543
-7.2641487,8.543224
-7.8873615,8.54493
-7.6295633,8.898675
-7.1637683,7.7638083
-8.210096,7.881631
-8.40073,7.269886
5.1361766,3.8817878
5.3552675,4.405656
5.72093,3.3454182
5.8520074,4.8048015
5.15861,3.6163611
5.5584555,4.8608875
5.1549506,4.5264907
5.635447,3.2100158
5.920721,3.4236743
5.764096,3.294855
5.528799,4.1778
5.7729344,2.9070642
6.224419,4.34528
5.034282,4.1539702
5.610107,3.8391216
5.2257686,4.205262
5.2654977,3.8653364
5.817549,4.3867426
5.825874,4.593124
5.2539005,4.8849955
6.108028,4.3778205
5.0913877,4.3774347
5.9793386,4.5218673
5.5639825,3.500277
6.218375,4.2053313
5.852995,3.840543
5.807002,3.404922
5.9223523,3.0516672
5.870229,3.1764479
5.469372,4.3573456
5.1513133,4.0849075
5.239307,3.6733305
5.612893,4.31722
5.6620655,3.3582873
5.773396,4.0233135
5.6772575,4.812032
5.7273383,4.448124
5.647061,4.8019023
5.3566084,3.8283927
4.954584,4.2769065
5.4352503,3.9384582
6.0161457,3.5553057
5.71749,3.3791366
5.372322,3.4772
5.8211384,3.2231278
5.8774314,3.377871
5.301887,3.6936338
5.7197146,4.176235
5.9132433,2.7411885
5.7395453,4.316087
5.4355245,4.047124
5.864575,2.9000094
5.107747,4.36885
5.3292403,4.2286196
6.02682,2.7045765
5.4975133,3.6911116
6.022214,3.5231655
6.3052115,4.2120786
5.8812447,2.8246453
5.424287,3.965486
5.5971293,3.9944654
5.6523767,3.1360009
5.401895,3.9717157
5.456102,4.0928307
5.390363,4.914932
5.3829074,3.53211
5.8752832,3.5958083
5.374835,4.6259413
5.721117,3.6367583
5.5821075,3.875268
5.4866924,4.854258
5.2648396,4.006896
5.5933027,3.6901972
5.337553,4.8372445
5.084933,4.5987816
5.374461,3.9245958
5.7980456,3.7705514
5.5662737,4.698627
5.4025707,3.9569325
5.428815,3.6167712
5.9723735,4.0671334
6.1392703,3.9142587
5.987627,2.8581462
5.448823,3.7823906
5.802292,4.6263957
5.9734244,4.607901
5.562604,3.9019978
7.889433,-3.445819
8.004534,-2.8126056
7.898965,-2.9992805
8.247565,-3.5385578
8.474802,-4.1778374
8.571845,-3.8878453
8.294417,-3.3813074
8.100457,-3.5005896
8.3194,-3.36751
8.16445,-3.3527112
7.877933,-3.4704545
8.158625,-3.3830984
8.101244,-3.193127
8.486102,-3.8495843
7.9181986,-3.3112907
8.971383,-3.4638476
8.600827,-2.7215793
8.798198,-3.1154788
8.674456,-3.3134465
8.269708,-3.37761
8.509475,-3.3338146
8.868141,-3.1535108
8.441742,-3.608023
8.870876,-3.2681043
8.525642,-3.5382195
7.8530736,-2.780559
8.082885,-2.915891
8.246216,-4.011379
8.914861,-3.2453983
8.731176,-3.6548874
8.273347,-2.7308302
7.8648386,-3.5149853
8.516698,-2.760148
9.392094,-3.6265142
8.246924,-3.0096807
9.113731,-3.3405225
8.9595585,-3.2821097
8.838942,-3.46728
9.209276,-3.3565376
7.9237857,-2.7263691
8.431796,-3.3062754
8.525132,-2.8381648
7.821616,-3.270543
8.340599,-2.9832635
8.072312,-3.175613
8.6695175,-3.6507354
8.749054,-3.0497715
8.660074,-3.5462298
8.837322,-2.5213537
8.937376,-1.6359714
9.10574,-1.6668904
8.936019,-1.7046827
8.955104,-2.7197776
9.017969,-1.7507123
8.978593,-1.5833154
8.174762,-2.8701553
8.906666,-1.8205942
8.376066,-2.6428123
8.738612,-3.0645967
8.596488,-2.7060974
8.616978,-3.9623413
8.569642,-3.5194376
8.539739,-3.5640023
8.631545,-3.5647116
9.049213,-3.0052688
9.008216,-3.1176805
8.586747,-2.8000388
7.9974127,-4.0529547
9.040593,-3.4068675
12.583721,18.181324
12.414154,18.54946
12.9335375,16.650011
12.544461,18.3582
13.234541,17.115152
8.370537,-3.9216664
8.118165,-3.17009
8.308175,-3.3237486
6.9176164,-2.3573682
7.88774,-3.0306926
7.3688803,-2.5635056
8.076631,-2.7663257
8.525417,-3.267759
8.407923,-2.7986016
8.3720255,-1.8719748
8.475778,-1.3874346
8.526017,-1.4135202
8.433487,-2.4900935
8.5417385,-1.4401464
8.68725,-1.2982626
9.434235,-3.83766
8.43604,-1.8908296
8.527293,-2.0395691
8.584942,-2.9601827
8.705049,-3.7205024
8.447242,-3.7652473
6.867705,-1.7470992
8.536107,-2.332332
7.8904257,-1.9606825
8.00929,-2.527541
7.9322343,-2.667096
7.9871883,-2.3383732
7.8388805,-2.974073
7.458869,-2.928265
8.356946,-2.675747
8.516653,-2.0450418
8.710486,-3.0201435
8.317881,-2.253711
8.213584,-2.9966116
8.305632,-2.512439
7.959611,-2.7554839
8.035175,-3.1699774
7.886912,-2.970038
8.213047,-3.0581326
8.145909,-3.1195288
8.631558,-2.8958464
8.626104,-2.7935
7.8061447,-4.1494794
8.364873,-2.4210048
8.407036,-2.4540503
8.579316,-3.856224
8.419562,-3.0897505
8.8554735,-3.251011
8.134185,-2.4619153
8.353768,-3.0415304
8.133545,-2.5789514
7.5954494,-3.4967945
7.630894,-3.1555731
7.735589,-3.251811
8.552855,-2.4817874
8.603278,-1.3495436
8.521513,-1.5031554
12.315511,16.890253
12.196169,16.872173
12.386776,17.033628
12.494927,18.367065
12.651372,17.756691
12.32338,18.15652
9.730582,-4.0541058
9.6479025,-3.995783
9.747193,-4.1489015
9.145514,-3.9032323
9.056341,-3.7318218
9.221175,-3.937833
9.788774,-3.5039837
9.976857,-3.395087
9.950034,-3.3790996
8.798043,-3.8758223
9.445958,-4.251739
9.3445635,-3.9845996
8.711241,-4.3899193
9.516334,-3.9739466
9.480004,-4.266679
8.907836,-4.7205954
9.007026,-4.0012884
9.081806,-3.7129226
9.284218,-4.0193725
9.505384,-4.2010484
9.355601,-4.0262556
9.558639,-3.8749607
9.504351,-3.9861841
9.682417,-3.9467847
9.156935,-4.1017227
8.960381,-3.7142794
9.023773,-3.6845675
8.202784,-4.7314606
8.237379,-4.2705407
8.080757,-4.3499627
9.462695,-3.5927682
9.901725,-3.3467152
9.803107,-3.3768313
8.755854,-4.173773
8.751693,-4.4676905
8.876424,-4.398559
9.403491,-4.4460716
9.492923,-4.1585884
9.701371,-4.194783
8.739352,-4.599849
8.821824,-4.382124
8.846288,-4.366109
9.261172,-4.646722
9.241432,-4.2202334
9.208916,-4.2659855
12.31862,18.635187
12.278464,18.164139
12.403262,18.398977
12.896706,17.584375
12.710356,17.979212
13.122227,18.393427
13.015619,18.286602
13.396393,18.09147
12.313065,18.654531
12.692564,17.337523
12.677625,17.64073
12.23514,18.734287
12.911916,17.584675
9.16608,-8.467614
8.470803,-8.77381
8.563411,-8.1481495
8.227553,-8.278134
9.108628,-7.723484
8.148403,-8.127948
8.349644,-8.135877
8.276545,-8.552342
8.457386,-7.45115
8.193275,-7.7249327
8.619277,-8.4965925
8.466466,-7.486217
8.542351,-8.604707
8.589574,-8.564829
8.870329,-8.534894
12.920393,18.223572
12.911742,17.779402
12.018873,16.261354
12.513401,16.865911
12.067665,16.186378
12.079958,16.229473
12.261368,16.365286
12.917132,18.05363
13.073237,17.86805
13.089724,18.016571
12.08729,17.561733
12.245878,17.876057
12.31786,18.006874
12.308544,18.060198
11.446285,15.71735
12.022876,17.400263
13.282899,17.949356
13.573245,17.764238
13.7387905,17.684757
13.576541,17.464516
13.575878,17.6824
13.706944,17.499771
13.405341,17.974857
13.465717,17.81782
13.649161,17.74006
12.178001,18.59995
11.899705,16.223959
12.900593,16.843763
13.196031,17.31371
13.369372,17.17528
12.068127,16.486591
12.306837,17.552507
12.049826,16.711536
12.292135,17.735332
12.837466,17.011702
12.772073,17.051287
12.603859,16.860456
12.60869,16.806574
12.851966,16.760788
11.83846,16.135641
12.752754,17.562542
12.394245,17.692223
12.893097,17.559898
13.007428,17.669146
13.5091505,17.713861
13.661481,17.56723
12.86226,16.986462
12.997732,16.85641
12.928949,16.751184
13.075549,16.953407
12.794095,18.323315
12.618168,18.530031
13.115971,18.361902
11.923168,16.52544
17.629011,8.013024
11.382178,15.332216
12.595341,17.286837
12.495486,17.56835
6.6491055,14.527224
8.288537,14.633185
7.2311797,14.865162
7.233716,13.98353
8.529512,13.8394
8.213932,13.930962
8.342438,13.681245
9.382887,15.112608
9.051848,14.865682
9.311733,14.853355
8.401293,14.168177
8.256392,14.268037
7.194951,14.711552
8.788965,15.051093
8.418738,14.985144
8.895296,14.634801
9.168037,14.10929
9.039713,14.498807
9.682003,15.110086
8.427533,14.515896
9.036434,14.941251
10.022483,15.019592
8.583575,14.500248
9.787019,14.064556
9.369781,14.375099
12.194872,16.500097
12.7932415,17.53635
12.8570595,17.940672
11.9665575,16.247326
12.543831,18.598476
12.904445,18.160336
12.447797,17.243599
12.442335,16.547533
12.291323,16.704967
12.608841,18.561298
12.552046,18.257689
12.560904,18.324846
13.072044,17.479439
13.447909,17.460379
13.393115,17.429968
12.697314,17.036572
13.074546,17.120588
13.002984,17.01233
12.371315,16.452929
12.291528,16.31054
12.531782,16.406826
13.110682,16.958767
13.256326,17.048248
13.345477,17.19747
12.59688,17.323181
13.179546,18.076738
13.014117,16.681673
13.1692095,17.622456
12.076125,18.53906
12.394259,17.943981
12.177174,17.817478
12.115225,17.733948
17.873503,7.7270317
17.701424,8.337761
17.8021,8.035376
12.459308,16.49506
12.342345,17.826544
12.661023,17.27047
9.221057,14.396306
8.346591,14.468364
8.733675,14.599495
8.002745,14.369719
9.592339,15.211793
8.853234,14.858829
7.2058916,14.519302
8.604972,14.244688
7.428673,14.739012
7.047098,14.521288
9.447843,14.930525
8.624781,14.953503
8.483296,14.520434
8.6520815,14.958502
9.806874,15.269127
9.329753,15.247638
6.542097,14.4556
7.41095,14.576313
9.225509,13.925207
8.838144,14.1145935
8.326683,14.213891
8.163871,13.945133
8.180021,13.8896675
11.894312,16.040327
12.480009,17.275558
12.867581,17.297876
12.666343,16.615477
11.954414,16.159788
12.768303,17.969202
12.630453,17.59243
12.271898,17.957285
12.392762,17.654865
12.643546,17.722136
12.48257,17.771645
12.98905,17.401815
12.781651,17.569607
-6.8794904,7.810812
10.94561,12.005959
10.940003,15.420949
10.092772,14.7362995
9.470977,13.340054
8.223469,14.270204
9.0288105,13.954973
7.5752177,14.604832
9.6031475,14.0041485
7.879741,14.639039
9.631884,14.172303
8.509015,14.416739
8.962616,14.394374
7.341845,14.547226
7.4209213,14.782361
7.5676513,14.635518
9.061209,14.336238
8.646947,14.348012
8.958959,14.118037
8.533377,14.362553
8.52732,14.408859
8.362764,14.417147
8.876126,14.896912
9.835557,14.982168
9.083013,14.762309
9.142985,14.960931
8.852957,14.947783
9.120081,15.045386
10.230193,12.144473
8.788468,13.780617
8.193135,14.586099
9.286545,14.939913
8.784805,14.595063
8.927258,14.359684
9.3801155,13.953728
9.20893,14.181386
8.251702,14.650427
8.002699,14.752805
8.106783,14.784334
7.1438746,14.492204
10.525059,15.229938
9.446912,15.294039
12.482853,16.621983
11.966182,16.60761
12.221739,16.851915
12.865988,17.67654
12.326528,16.563684
12.987228,17.065744
11.957894,16.64229
12.086313,16.985023
12.452674,16.405712
12.508226,16.796904
12.11451,18.08357
12.756934,17.812805
12.860291,17.404364
12.427329,16.979229
12.252916,16.842098
12.311951,16.996607
8.927713,14.548707
7.8977365,14.269443
8.730319,14.463519
10.469967,12.258069
6.7235546,14.631587
6.396948,14.417877
6.7013116,14.566055
9.300083,15.059247
9.512474,12.976094
9.050734,13.516317
10.794696,12.105317
8.977209,14.772118
9.638392,14.058079
8.673616,14.597782
9.653068,14.868592
8.823144,14.278907
9.0231495,14.60171
9.621295,13.913438
9.582979,13.776488
9.572956,13.886616
9.462335,13.002528
10.0256405,15.013163
10.443548,15.162244
10.287343,15.179789
9.863581,14.95688
7.48927,14.675581
9.129084,14.7162285
7.5378003,14.213832
9.191709,13.6453705
9.337194,14.770985
7.482444,13.992979
8.627082,15.11005
6.770037,14.473515
8.735399,14.769552
7.234582,14.678892
9.7295685,12.63992
6.5103445,14.147977
8.385974,14.027785
10.787436,15.288069
9.069008,13.2457
9.881859,15.070668
8.077209,14.940018
6.868207,14.560012
7.2591705,14.729849
7.070679,14.654252
7.2519226,14.558314
7.0249877,14.612001
9.756419,14.083036
9.838,14.448501
9.873012,14.244924
9.350962,13.870528
9.103903,14.151379
9.309053,13.970628
5.6848073,12.88379
5.4932632,12.42702
5.76696,12.664038
4.827532,12.729132
5.031175,12.582193
5.0541615,11.866505
4.8278794,11.475989
4.0615826,11.426649
4.179422,10.892547
3.6262429,11.094772
4.1200256,11.15472
3.7804265,10.876272
4.3259583,13.336253
4.0273213,12.673307
4.1586947,12.980285
4.040446,12.271184
4.4696236,13.057309
4.3003955,13.055651
3.5519323,11.80201
4.40677,12.154634
3.7104962,12.115381
3.6055253,11.784153
3.5195527,11.706272
3.6866126,12.061173
3.6805959,10.709206
3.5037887,10.542418
3.5583382,10.458176
3.9298546,11.067359
4.4872775,12.582487
3.8631136,11.260689
3.4831617,10.484369
4.2337646,11.753721
3.8305733,10.645476
4.366663,11.864354
4.4841943,11.656342
3.9146461,10.723295
8.099783,14.467462
10.770825,15.340681
9.301547,15.137861
10.058685,15.106718
12.173938,11.768459
10.071762,12.5683155
11.161073,11.962607
12.230089,11.736202
13.449101,8.748399
13.228468,10.617522
10.131488,12.674711
11.642476,11.989857
11.087022,12.197849
1.9811835,-10.0335865
1.8168606,-10.574779
2.0899212,-10.917817
2.472365,-10.68476
2.4115827,-11.006344
2.2542536,-11.017928
9.251792,-6.234406
10.527869,-7.1196795
9.585156,-7.6453795
8.995417,-6.8144903
9.05052,-6.254245
9.385851,-6.4043055
3.3947434,11.017582
3.4573693,10.727431
4.029264,12.249543
4.44176,10.919012
4.1127534,11.451856
4.398898,10.846921
3.4547758,11.656147
3.4691324,11.774575
3.5324342,12.218282
3.706361,10.826494
3.901858,10.794635
4.7164116,12.164445
4.020041,11.637333
3.7641127,11.566702
3.83223,12.269604
3.492289,11.712414
3.3301923,11.01916
3.531939,11.354128
3.464748,10.602208
3.6515927,10.943759
3.4588645,10.529043
3.8381977,11.096416
3.6629586,11.061971
3.9788754,11.419977
4.8715196,13.525582
4.5338216,12.964713
4.5381327,12.926873
4.0920343,11.520056
3.802466,11.365041
4.079159,11.540517
4.370948,11.589996
4.1458907,12.521076
4.2627025,12.075848
4.01139,12.16296
4.2503004,12.193336
3.8702588,11.809387
5.4029684,13.213501
5.5190153,12.930014
5.800905,12.715808
4.490421,13.175309
4.4032307,13.32377
4.264662,12.956105
3.6535113,12.822174
3.8243387,12.773887
4.309422,12.770335
4.425199,13.376541
4.4833593,13.113995
4.2946177,12.554608
4.3200455,13.04547
3.7836802,12.7192545
3.6104565,12.466924
3.723034,11.402909
4.3991685,11.688074
3.77366,11.403673
4.209615,11.540867
3.4374797,10.506122
3.9708457,11.1990185
3.9820611,12.1971445
3.726309,11.749111
3.9723814,12.46292
3.890649,13.0886545
4.113157,13.194466
3.9888308,13.239735
4.233296,13.108731
4.1904383,12.654892
4.554747,13.277985
4.0858283,12.48115
4.3201313,12.390003
4.3641663,12.950636
4.0344386,13.500083
4.2887044,11.953383
4.089745,13.403312
3.8484435,12.239368
4.0599713,12.083537
3.9262626,11.985576
4.7948794,12.8739395
4.521797,12.33186
4.752677,11.660896
4.5041285,11.2334585
4.538161,10.991286
4.570284,11.125367
4.0840287,10.763207
4.004776,11.204436
4.0395103,10.664525
4.1599345,11.139031
3.996311,10.977452
3.5752847,10.411695
4.2748265,13.289055
4.93938,11.797288
4.7455735,11.76203
4.3905277,11.087243
4.606206,11.149621
4.746677,11.277485
4.8367753,11.579854
3.5495174,10.636532
4.7500353,11.242713
4.6973705,11.204777
4.752993,11.406952
4.240246,12.786326
4.3540807,11.9665785
4.001673,11.065889
4.350119,13.366706
4.5195723,11.607834
5.223258,12.15459
4.8731136,12.209803
-7.706457,7.409983
-7.3710694,8.90561
-6.8294597,8.482883
8.104317,-8.321198
8.485004,-7.737096
8.653365,-8.648487
8.376358,-8.445827
8.485323,-3.616748
8.9035015,-8.23725
8.82815,-8.20084
8.475252,-7.959556
8.138927,-7.86304
8.396944,-7.66602
8.358449,-8.166061
8.68739,-8.741886
8.634114,-8.185596
8.3731165,-7.6748405
8.608278,-8.652753
8.657286,-8.344835
9.222119,-8.241306
8.297719,-7.5097256
8.325474,-7.6375895
8.862458,-7.845972
9.134518,-8.217844
8.5668745,-8.250369
9.698752,-6.6087694
8.821913,-7.422826
10.141875,-6.6647205
9.977492,-6.7727532
9.406855,-6.498558
9.862882,-6.429123
9.588104,-6.403176
9.26511,-7.1658015
9.656274,-7.0556326
9.522689,-6.782745
8.702623,-7.0474424
8.654839,-7.4317737
10.008722,-7.0267296
11.151145,-7.080987
9.571103,-6.846029
9.216908,-6.347214
9.670212,-6.7109985
8.116339,-7.5154004
8.449512,-7.341467
8.921916,-6.8182425
9.012455,-5.905193
9.10707,-6.58998
8.864586,-6.8290496
8.987853,-6.708286
8.920902,-6.453036
8.986145,-6.95077
8.898336,-7.903622
8.224898,-7.5040746
8.618023,-6.893161
8.887575,-6.5904164
9.013924,-6.1313615
8.8316555,-6.4363055
9.159467,-6.4100122
17.131617,6.386765
17.83382,7.7352524
17.706097,7.2535
16.997637,3.3778222
16.987381,5.9766827
16.882353,4.5387692
16.900007,4.150255
17.086466,5.1975102
16.79676,5.144587
16.06044,5.1643176
17.256292,3.3988218
16.987125,5.706291
16.788992,4.228554
12.342616,11.248118
11.504391,11.64521
16.934443,4.435892
16.790855,4.7253747
17.142246,3.226961
17.034853,3.1755497
11.868972,11.409753
16.649204,5.1210294
17.262535,6.1259594
16.397333,4.4417
16.056213,5.2434263
13.143819,9.756084
13.032469,10.848291
13.155351,10.459558
13.613271,8.683401
12.799901,11.168922
13.235075,9.676828
13.486562,8.991789
12.144364,11.0131
12.965287,9.86558
13.534774,8.670084
13.379104,9.12772
13.545538,8.742657
13.338932,10.509075
11.906115,11.454929
12.812724,11.129419
12.831154,11.088874
12.193598,11.739617
12.45189,11.509052
13.338419,8.579074
13.056651,10.867889
13.291779,9.5047455
12.774539,10.101839
13.200461,10.025093
13.003969,9.70714
12.4860115,11.270829
13.331727,10.68862
12.900104,11.256811
11.322879,11.841806
11.880708,11.195576
11.670177,11.58616
12.828477,9.953254
13.046948,9.020362
12.9707365,9.2487545
13.150928,9.485488
13.299976,9.601777
13.299256,9.389176
16.784237,4.567073
16.682732,6.155312
16.75858,6.3045983
17.99006,7.5210085
13.140842,8.8854065
11.198826,11.72052
11.848969,11.87059
13.2981,8.794154
13.156466,10.678004
11.87845,11.828643
11.428798,11.562388
11.457244,11.49192
12.551466,10.443175
13.041139,8.968087
12.993048,9.2141695
12.235161,11.641089
13.144319,10.787177
13.028322,10.963659
12.4309845,11.6439705
12.408796,11.480669
12.502911,11.493434
12.573727,10.70347
12.520764,11.4110565
12.626735,10.866298
16.179716,4.9601736
16.773182,6.166059
16.373892,4.646454
17.84213,8.179013
17.213549,6.361199
16.017563,4.69038
12.719631,11.176061
13.335045,9.646923
13.401404,10.382313
12.655313,11.395218
13.106719,9.669538
13.184471,9.870762
13.047215,10.843388
13.0456505,10.398687
13.32523,10.3829365
10.702791,15.199507
13.121126,10.300755
17.788328,5.9393997
17.647366,5.713512
17.8258,5.9585752
16.571985,4.483219
17.1906,2.9163864
16.439117,5.7588425
9.410467,-7.4751706
10.575033,-7.0627112
9.502417,-7.1843443
9.707059,-7.352879
10.250657,-7.15236
9.940812,-7.5349865
9.363029,-7.586231
10.789357,-6.9541364
9.594439,-6.7892613
9.049213,-7.4879622
10.46139,-6.8775945
9.650426,-6.8815455
8.94723,-5.624976
10.352036,-6.901619
9.808207,-6.5537105
9.07405,-5.8981776
10.762236,-6.7827225
10.059203,-6.674461
10.772413,-7.175756
9.332018,-6.961078
10.2914295,-7.200313
10.743141,-7.2177253
9.709607,-6.5553904
17.084497,3.5264766
17.404247,3.3227913
16.691898,4.9690714
17.214514,5.6364164
17.233328,5.261978
10.864621,-7.266056
10.816571,-7.285733
11.203961,-7.088444
11.129443,-7.2466707
10.772189,-7.2314963
11.249817,-7.20145
10.954544,-6.986819
10.741481,-7.3261385
10.517788,-7.4158435
10.910111,-7.2055116
9.948614,-7.0374513
11.026085,-7.023205
9.256458,-7.196113
10.714725,-6.9457946
10.523881,-7.261265
9.837163,-6.4518948
10.4218645,-7.381882
9.536745,-7.37061
9.985428,-7.2924204
9.44162,-7.6570387
9.963277,-6.5585117
10.571623,-7.121136
8.819625,-5.471474
9.169642,-7.7283435
8.59361,-7.187864
9.535483,-7.263846
9.339079,-6.521339
10.858754,-7.1673584
10.798435,-7.2016478
12.187871,11.771563
11.562733,11.549873
11.904838,11.55238
16.331219,4.3714848
12.748238,10.126653
13.070515,9.318073
13.271339,9.028525
13.23582,8.972737
17.02673,3.6611364
17.823969,6.4931784
16.378038,4.326179
11.1908245,-7.176952
10.550513,-6.995761
10.889374,-6.9192185
9.819987,-7.0394664
8.454445,-4.920736
11.338535,-7.1127257
11.137924,-7.148434
11.076897,-6.9181614
11.058384,-7.053747
10.783634,-7.0258937
10.8568535,-6.93251
9.553333,-7.333522
9.500818,-7.0443525
9.364123,-7.068474
10.2607,-6.8886557
9.792784,-6.961063
10.797622,-7.07153
9.5024805,-6.6728845
10.543386,-6.9132457
8.732491,-6.6477575
10.4014845,-6.734229
17.428305,6.051312
16.621456,4.6353626
17.117989,5.6923084
13.189061,9.689453
13.298322,9.307217
13.386241,9.519571
13.220902,9.103754
8.7546425,-8.318112
8.9970255,-7.720252
8.350514,-7.797543
8.494577,-8.085608
8.744766,-7.2409787
9.721036,-7.673487
9.064408,-7.4056325
8.828466,-6.713214
8.079492,-7.7759805
9.076404,-8.419027
9.901758,-7.9406753
8.582738,-8.057712
9.115521,-8.113795
8.815124,-7.6813383
7.984684,-8.116612
8.715138,-7.738091
8.4890995,-7.282033
8.256112,-7.7831798
8.948544,-8.011777
8.829811,-8.583658
9.874617,-7.515655
8.901792,-7.8181705
8.226236,-8.396048
8.617805,-7.836479
9.084374,-6.983182
-8.073718,8.8951
5.4433317,12.594258
5.3353744,12.341371
5.7594724,12.727451
4.3083615,12.579522
4.275736,12.736547
4.105253,12.510775
3.6622128,12.314185
3.5788574,11.487198
3.651243,12.325151
4.3661513,13.607786
4.500585,13.507072
4.474519,13.536277
3.9181986,13.461642
4.000692,13.618484
3.934435,13.42422
3.9165292,12.966356
3.9820356,12.9956255
3.977277,12.811595
3.9853244,12.439152
4.239713,12.40255
3.937262,12.056111
8.256084,-8.0224695
11.582071,11.905929
11.2929325,12.029308
11.093525,12.126331
15.893325,4.749645
17.778559,6.869289
17.521477,6.3781095
17.065798,5.0039973
13.430733,8.795919
13.184253,10.226375
13.510217,9.431386
12.760768,10.727927
13.15984,9.088876
12.927352,9.12134
13.013159,9.14614
13.517405,8.770481
13.482515,8.727102
13.672305,8.610251
11.670312,11.381479
13.499414,8.84576
12.606587,10.321848
12.023608,11.81081
12.942428,9.516821
12.512348,10.592855
17.120525,4.4436917
17.046618,3.7494757
17.605879,6.863565
17.928156,6.5553465
17.064232,6.067312
12.859886,10.654184
12.766126,11.072492
13.019837,10.844549
12.035951,11.743974
13.620569,8.687193
13.482041,9.7856455
13.532055,9.011066
11.648111,12.005384
13.280949,9.979452
12.5496645,11.357871
12.689508,10.576269
12.587703,11.448282
12.556254,10.710361
16.94442,4.356352
16.909786,4.60019
16.634966,5.3850183
11.578275,11.897488
17.079979,4.7480297
17.100159,5.2027297
16.364765,4.244705
16.511969,4.265298
16.020885,4.6241283
17.138912,4.7519374
16.85929,6.0003414
16.535751,4.2945666
16.674374,5.1389523
16.475166,4.97292
17.95303,7.177637
16.822897,5.352005
17.125256,3.1095674
17.829176,6.7093134
12.695249,10.353579
10.641534,12.24783
12.164243,11.330993
12.7767,10.163858
8.770437,-7.5359693
9.143103,-8.011831
8.093356,-7.7384796
8.455307,-8.219202
8.871367,-7.147905
8.698747,-8.400575
8.238326,-8.468281
8.758508,-7.548274
8.020861,-8.112366
8.062519,-8.00779
7.884295,-8.013465
9.234538,-7.744525
8.394903,-8.638768
8.559371,-6.918108
9.091089,-8.015113
8.03088,-7.890021
7.8445463,-8.273033
8.296533,-7.93161
8.552847,-8.268325
8.612303,-8.6548
8.41894,-8.3658905
9.455903,-7.149244
8.904264,-7.4276953
8.185177,-8.370333
8.658453,-7.259567
8.511754,-8.576495
8.958243,-7.248597
9.222206,-7.4064417
8.673133,-8.13344
8.224456,-7.6123724
9.106764,-7.8911285
8.458748,-7.530553
8.831074,-8.087413
8.633592,-7.994756
8.834823,-8.356402
8.138192,-7.9758058
9.393215,-8.067946
9.647657,-6.7467694
8.045371,-8.009013
8.911217,-8.721015
8.531833,-8.415176
9.390564,-8.268639
12.789525,10.440167
15.937819,4.939204
17.760279,8.061983
11.183977,11.942523
16.8788,4.7390184
17.727232,7.1086717
16.959843,4.6835747
16.0725,5.4335256
16.621506,4.048172
16.245834,4.286594
17.466568,3.303461
17.32307,5.9954863
16.69801,3.8858204
15.969296,4.905656
16.390732,4.1392484
16.873451,6.1588035
-15.922444,6.3494544
-15.4589,7.516609
-16.0321,7.3113327
-15.255026,6.961864
-15.113959,7.0131483
-15.311143,7.0095725
16.695759,4.098652
16.549772,4.437993
17.20821,6.0308256
16.832623,5.8955393
16.902239,5.441668
17.03995,4.777705
16.878138,4.6948495
16.146929,5.141774
16.45548,4.9595137
18.148443,7.257671
17.557795,6.0036273
16.836357,5.748865
1.8698211,-10.7862015
1.8201547,-10.51026
1.3294532,-11.196148
1.8304218,-10.42282
1.63058,-10.828919
1.6561203,-10.767316
16.220867,4.3978
16.541883,4.1128407
17.749939,6.5339723
17.591871,6.3201823
16.630587,5.018515
16.24627,4.7917633
16.472637,4.2846045
9.06887,-6.5803723
8.804608,-8.070114
10.276296,-7.4554763
9.219154,-7.2160068
9.051659,-7.4004707
9.375111,-7.3838153
9.511958,-8.013747
10.134709,-7.6669602
9.49589,-8.07837
17.564108,6.496768
16.818834,3.9337084
17.679352,6.5065064
15.866622,4.573048
15.978509,4.6817064
15.986568,4.733763
16.682703,3.8339114
16.196957,5.203168
16.059399,5.252674
16.00591,4.5772943
16.070215,4.4264865
16.051529,4.324545
-14.290232,7.0772557
-14.489166,7.1256523
-14.493465,7.233511
-14.223043,6.7462907
-14.167992,6.89063
-14.242617,6.6127715
-13.915157,7.012402
-14.006468,6.5162754
-13.818477,6.700078
-14.66823,6.8392944
-14.679251,7.1049943
-15.313457,7.4611154
17.729343,6.4460263
16.640896,5.9269557
-15.226413,6.0151143
-14.555002,6.3761206
-15.103914,6.4952674
-15.812666,6.562632
-15.399875,6.352133
-16.074993,6.443954
-14.638277,7.0613275
-14.5086975,7.305347
-15.049343,7.5269933
-16.0577,6.849201
-15.622372,6.548087
-15.86139,6.319174
2.4247522,-10.993798
2.3066943,-11.111501
1.4842416,-9.923407
1.8073276,-9.996386
1.4106518,-10.21834
1.5984656,-11.043551
1.3736233,-11.132197
1.2181324,-10.941016
-15.448345,6.7689342
-15.69009,6.31799
-15.93994,6.5974874
-16.068222,7.3279476
-15.19497,6.9359365
-15.922851,6.81481
-16.076744,6.6577687
-15.508277,6.745159
-15.908655,6.416571
-15.023163,6.259705
-15.458225,6.0235147
-16.037004,6.266949
-14.45016,6.2180247
-14.092795,6.057891
-14.377646,5.994957
-14.639776,6.917605
-14.463902,6.4638085
-14.575771,6.749021
-15.192747,6.434102
-14.860351,6.1079383
-15.132067,6.346444
-14.871113,6.560832
-14.763921,6.2250304
-15.203873,6.2257147
1.7632133,-11.80336
2.152931,-11.6703
1.9105008,-11.913825
1.6624595,-10.433391
1.5430852,-10.831028
1.3952522,-10.776832
1.999085,-11.380375
1.8220829,-11.509133
1.6898707,-11.809123
2.028696,-9.912052
2.2685604,-10.0247755
2.1718154,-9.953969
2.0311925,-10.703365
1.7849032,-10.48742
1.7393343,-10.696704
-14.563961,6.892421
-15.097161,7.303623
-14.377901,6.506906
-15.492359,6.8462687
-15.762361,7.3735814
-16.047468,7.510667
-14.709397,7.3327403
-15.09046,7.0967426
-15.133743,7.3144464
1.8683058,-10.812313
2.0340555,-10.778128
1.913892,-10.968383
-2.171518,-11.738389
-1.8131351,-11.738289
-2.1064105,-11.711082
-1.4208207,-11.683206
-1.5071788,-11.693094
-1.3825858,-11.544397
1.8824726,-11.8604
1.6291655,-11.784304
2.030591,-11.759783
1.782332,-11.669101
2.5450957,-9.891871
2.53527,-10.74963
2.3898687,-10.305238
2.296042,-11.325076
1.8805597,-11.689558
2.0590127,-11.61919
-14.159424,6.3666925
-14.572362,6.110385
-14.24232,6.1951203
-14.986233,6.398161
-15.115096,6.3238897
-15.128922,5.903186
-15.175588,7.1220512
-14.600576,6.481872
-14.493305,6.068352
-1.6765172,-11.391766
-1.601307,-11.490407
-1.6741883,-11.5559845
-2.07539,-11.834426
-1.9204328,-11.843802
-2.0787673,-11.654678
1.3272827,-10.312851
1.4059665,-10.575985
1.3448547,-10.901055
1.1924957,-10.895346
1.5401477,-11.011263
1.4780357,-11.062838
0.8825828,-11.152585
-14.861556,5.76734
-14.575356,5.8106093
-14.783527,5.6732874
-15.184946,7.0892906
-15.255098,6.8426323
-15.24855,7.111504
-15.45624,5.8540583
-15.550314,6.095799
-15.646298,5.6810393
-14.215021,6.8273582
-14.374524,6.9531627
-15.055726,7.4772
-14.710939,6.3352957
-14.877445,6.499386
-14.856052,6.4593816
-1.6542636,-12.065085
-1.7811339,-12.154597
-1.5157893,-11.647583
-1.4075679,-11.595263
-1.757392,-11.708949
-1.8706981,-12.119769
-1.5450408,-11.559542
-2.1883981,-11.733031
-2.1117873,-11.595697
-2.448268,-11.767946
-1.6649816,-11.616496
-1.6408879,-11.435151
-1.7177873,-11.679383
-1.5566308,-11.395015
-1.3844566,-11.49444
-1.5112296,-11.301676
-2.2095125,-11.889804
-2.1008353,-11.874507
-2.0819938,-11.662603
-14.782827,7.2125645
-15.248071,7.4368777
-14.965339,7.5087256
-15.631261,6.723215
-15.160623,7.4901857
-15.342738,6.9075522
-15.462152,7.29717
-15.42762,7.284089
-15.624667,7.3074946
-14.824204,7.4032035
-15.542393,7.593299
-14.556657,7.3958836
-14.403681,6.2718396
-14.7246,6.8006854
-14.24155,6.265646
-15.729846,6.1978827
-15.483307,6.296583
-15.902255,6.326433
-15.391021,5.991034
-15.321564,5.6911745
-15.534901,5.7651753
-14.858934,6.0007324
-14.956375,6.1592445
-15.319677,6.170019
-15.418999,6.8567986
-16.059742,7.5642433
-15.780122,7.193315
-15.553828,7.5880737
-14.993785,6.680129
-15.414251,7.604043
-14.291308,7.181678
-14.654783,6.7921715
-14.315156,6.8043423
-15.279706,6.4836373
-15.389604,5.880039
-15.358232,5.906561
-16.080666,7.4654746
-15.509447,6.687527
-15.896379,7.5092187
-14.929433,7.015116
-14.670423,7.206499
-14.938961,7.154535
-14.511274,7.195497
-15.140864,7.798981
-15.001642,7.630495
-14.181995,6.11215
-14.224119,6.2990737
-14.214723,6.21194
-15.662589,6.5770454
-15.512735,6.542223
-15.536594,6.3962984
-14.185758,7.1127853
-14.236021,7.215314
-14.047643,7.133933
-15.920886,6.399453
-16.132784,6.5403867
-16.20172,6.4502225
20.26177,1.6482179
20.35144,1.9762723
20.502367,1.7193655
19.010595,1.7828168
19.888874,0.5531319
19.882298,1.8902668
19.86874,2.3452263
19.416574,1.9158432
20.331528,1.1552577
20.209904,0.32624602
19.749825,1.7163941
19.241095,2.1175933
20.574572,0.8968256
19.694101,1.4087259
20.120678,0.9648682
20.404827,0.96973956
19.705976,2.2348976
20.177204,1.8984803
20.318825,1.2444094
19.861938,2.0129302
19.460546,2.1074686
19.523329,2.1157098
19.215466,1.3841504
19.56974,0.17659713
19.937666,0.94909656
19.74142,0.9193637
20.324497,0.3728365
19.415865,0.8715386
19.707493,0.99274755
19.512379,0.7516009
19.94017,2.3292897
19.748499,2.257092
19.85806,2.32068
-14.880219,6.5745983
-14.477201,6.3514686
-14.519752,6.243527
-3.4688888,-6.8166685
-3.3216987,-6.69357
-3.2435534,-6.6945734
-2.897904,-6.8142962
-3.1115313,-7.12429
-2.0413043,-11.905389
-2.1071782,-12.153462
-2.1725907,-11.909162
-1.8171232,-12.236275
-1.824682,-11.916521
-2.1412528,-11.988746
-1.7182132,-12.36721
-1.9665022,-11.9563055
-15.590508,6.3076243
-15.431065,6.3592944
-15.749294,6.6530285
-14.825365,5.9531536
-14.834861,5.617738
-14.875637,5.873162
-13.993001,6.108756
-13.840847,6.698542
-13.936448,6.363787
-14.462966,6.4610085
-8.656977,-1.6132662
-14.113588,6.5993395
-15.153291,5.6623144
-14.997681,5.807894
-15.074053,5.7526374
-14.644563,5.813192
-14.290958,6.1016
-14.26244,5.84128
-8.680175,-1.8026433
-8.72444,-1.3798221
-7.598474,-2.0064821
-7.9628406,-1.8206264
-7.641112,-1.970694
-7.7105727,-1.8988513
-7.3596244,-1.4997485
-7.373318,-1.5488824
-8.418875,-1.2258179
-7.336424,-1.465062
-7.2366,-1.4816523
-8.389921,-1.3028165
-8.884947,-1.3650904
-8.75047,-1.3551792
-7.647808,-1.6650873
-8.423331,-1.239396
-8.217101,-1.5560879
-7.9946017,-1.1808054
-8.146056,-1.0434555
-8.256763,-1.3279382
-7.590017,-1.600793
-8.155487,-1.9882934
-7.2698593,-1.2023135
-7.395491,-1.1376575
-8.611381,-1.7958425
-8.310681,-1.7977133
-8.598589,-1.6273088
-7.9722757,-2.0315056
-8.31667,-1.4050499
-8.625849,-1.5551445
-8.053808,-1.1639167
-8.621148,-1.8626817
-7.460365,-1.7235162
-7.7264977,-1.8004144
-7.563261,-1.7435639
19.792383,1.6961195
19.274097,1.3781691
20.385672,0.52884567
19.035011,1.7788674
19.11543,1.2468307
20.09463,2.0366502
20.501225,1.8961635
20.426685,1.2739171
19.594133,1.1842763
20.193155,0.99367636
19.626724,1.1772524
18.815498,2.2698314
19.684776,1.6632739
19.646753,1.4272577
19.187965,1.8399223
19.57455,1.4774419
20.152239,1.8446617
20.43608,1.7863076
20.56403,1.5865372
19.91187,1.9482055
20.16855,1.3981377
20.138277,1.6363106
18.291685,1.9656687
18.674665,2.1396198
18.511547,2.0882163
20.68553,1.0506713
20.594511,0.9215853
20.540611,0.80907273
18.766447,1.9739732
19.300251,1.3873657
19.377113,0.85891134
20.10333,1.7597668
19.726112,1.4811023
20.487194,1.7089744
19.4783,0.98948103
19.34908,0.76777726
19.253267,0.7060378
20.07833,2.0931401
20.216152,1.79297
20.19702,1.9190578
20.086433,1.7879093
19.68883,1.460696
19.152609,0.22384462
19.919172,1.2124738
19.392565,1.3294892
20.420776,0.7883681
19.750671,0.8810377
19.591269,1.4673864
20.024895,1.6469966
19.522715,1.0635988
19.09408,1.1328093
19.848135,0.3415219
19.520466,0.6581342
19.659275,0.65030986
20.152739,0.3719527
19.77354,0.80231255
20.11105,0.47642305
19.828876,1.9863107
20.217455,1.019118
19.556898,2.2844567
19.908129,2.1904247
20.485184,1.9599609
19.549414,1.9277911
20.26564,1.8736912
18.72819,1.5352854
20.219706,1.1559455
19.225311,1.2102754
19.056982,0.7752686
18.82676,1.1162094
-7.9453797,-1.5487098
-8.164919,-1.0598613
-7.7543483,-1.688778
-7.966026,-2.2304006
1.5704416,-8.569726
1.1235445,-8.912846
1.2387596,-8.797007
2.0269668,-10.752375
1.8187242,-10.646025
1.8576394,-10.779776
2.3151388,-11.037839
2.1167338,-11.628062
1.8443649,-11.667435
-14.842115,6.576718
-14.977844,6.421283
-15.131045,6.831545
-14.820957,6.5925236
-14.598717,6.6180425
-14.675892,6.389824
-14.755805,6.1742916
-15.364968,7.0740848
-14.659321,6.1171737
-15.148093,6.000914
-15.529537,5.97247
-15.499709,5.843957
20.087566,1.963663
20.593138,1.552219
19.653643,1.0253346
19.75711,1.5322386
19.812737,0.8751346
19.795792,0.75246936
19.368647,0.90051776
19.521973,0.79137355
19.451332,1.9729526
19.272327,2.1752558
20.22334,0.5870467
20.132301,0.85019296
18.819881,2.558427
19.534737,2.2814012
19.297009,2.2928658
20.584513,1.6589019
20.028292,0.27576482
20.47068,0.5666646
20.042023,1.265893
20.275866,1.2289621
20.214985,0.8477658
20.26916,1.921623
20.470018,1.922996
20.5162,1.9973598
20.08357,1.5470458
20.480423,1.2131209
20.563623,0.94398415
19.536423,1.073631
20.039837,0.7806481
19.75646,1.0303928
19.213531,1.6944196
20.230614,0.44219637
20.214096,0.2703915
20.08092,1.6995769
20.53171,1.623607
19.088299,1.8213882
20.787546,1.4357928
20.589321,1.3150487
20.786438,1.2902035
19.374159,1.9378935
20.7248,1.450657
19.090118,1.7307985
18.441084,1.255158
18.189276,1.3387849
19.607904,0.87971187
19.369007,0.9993483
20.804863,1.1973976
20.442635,0.6738257
20.718748,0.97188336
19.404217,1.2078451
19.36972,1.9928039
19.438486,1.6518962
20.168772,1.0548583
19.766096,1.5812653
19.895096,0.22679497
-8.109338,-0.8790367
-8.56581,-1.671975
-8.834269,-1.5173515
-8.031857,-1.2973783
-8.24135,-2.2409458
-7.83846,-1.6173881
-8.156875,-2.2533958
-8.267182,-1.2700553
-8.217888,-1.3326721
-8.546279,-0.9597305
-7.880462,-1.5511051
-8.240046,-1.1249288
-8.544426,-0.8019591
-8.753129,-1.7105793
-8.564099,-1.9067453
-8.205531,-2.2650783
-7.6483345,-1.2560384
-7.5425158,-1.0816646
-7.7960744,-1.5722312
-8.45947,-1.049195
-8.361825,-0.83285695
-8.107605,-1.4082627
-7.6083884,-1.6684575
-7.506004,-1.6943548
-8.00467,-1.2460779
-8.453885,-1.6424096
-8.471033,-1.3160342
-8.4036255,-1.5121044
-7.8633995,-0.730683
-8.051603,-1.8479701
-7.783301,-2.1178923
-8.47112,-0.9620434
-8.146056,-1.9738873
-8.312821,-1.3746039
-8.446327,-1.1356225
-6.965797,-0.74425524
-7.344396,-1.1277313
-7.1392393,-0.84754175
-7.3996177,-0.8728996
-7.579879,-0.67543393
-7.413217,-0.7701232
-7.4489174,-1.7627629
-8.682592,-1.407938
-8.517245,-1.2087619
-7.746909,-1.0764862
-8.022381,-1.6775863
-8.576583,-1.5104176
-7.8630114,-1.3146048
-7.946766,-0.90450776
-7.0741563,-0.7143636
-7.1007586,-0.8289795
-7.48151,-0.81263155
-8.132372,-1.1680317
-7.3237057,-0.8407232
-8.904354,-1.6081319
-7.5854635,-1.0637189
-7.5299063,-0.9771699
-7.7991247,-0.7326982
-7.43334,-0.78720623
-8.388852,-0.8129485
-7.539584,-1.6823654
-7.7910647,-1.1812155
1.8798969,-9.734317
2.0387523,-9.85174
1.7891583,-9.609501
18.484884,2.0719018
18.773354,2.2944596
20.29992,0.66882074
19.65437,1.3550196
20.115501,1.6028847
20.138556,1.8284988
19.044615,1.6824337
18.63498,2.0341165
19.393398,1.4906442
19.05217,1.8928163
18.933514,1.5597224
19.195732,1.5683254
19.170435,1.2807777
19.407032,1.0648432
19.594213,0.9505759
-14.849367,6.8725333
-15.222568,7.3660083
-15.353164,7.291746
-8.231967,-1.7833189
-7.9922414,-1.732192
-8.388387,-1.4121652
-7.972565,-1.9793155
-7.870726,-1.7908338
-7.788195,-1.8120083
-7.7443604,-1.8232487
-8.00908,-1.3020947
-7.8282547,-1.1568234
-8.431393,-1.9856242
-8.807989,-1.4818747
-8.556255,-1.4414551
-8.242138,-1.3746271
-8.637364,-1.208156
-7.9890203,-1.6537895
-7.1131415,-1.3755416
-7.715164,-1.0472181
-7.217395,-1.1552778
-8.293405,-1.1087731
-7.3434176,-1.2673997
-7.317315,-1.322451
-2.957477,-6.9503446
-2.8282897,-7.2210603
-3.15085,-6.81539
1.2527151,-7.1448464
-2.3673627,-7.57346
-2.4767442,-6.6686974
-2.1754014,-6.7454886
-2.1533854,-6.6617517
-2.738713,-6.54632
-2.658688,-6.494633
-0.10122201,-6.9222255
0.59550124,-6.5078535
-1.7965975,-7.5266294
-2.2307596,-6.5707426
-1.8258089,-6.5441074
-1.8840549,-6.8277564
-1.8257802,-7.2591105
-2.3927932,-7.553076
-2.4180627,-6.8879704
-2.7792022,-7.574731
-2.6931038,-6.98603
2.2457101,-10.425933
2.6376173,-11.024458
2.6248143,-10.92183
-1.9649953,-12.296494
2.1908777,-11.312623
1.9554392,-11.777365
2.0242236,-11.647182
2.140721,-10.4647
2.1828594,-10.100896
1.7981116,-10.048985
1.7349983,-10.822214
1.8470662,-10.298333
2.3437445,-10.073036
2.277992,-10.112729
-2.2974284,-11.685852
-2.3498392,-11.8822775
-2.2462404,-11.764856
1.6502396,-6.595819
1.1244159,-6.92229
0.40062034,-8.047052
1.8624256,-6.679238
0.44291648,-7.402906
1.1879461,-10.4520855
1.4909854,-10.371483
-0.11214691,-11.160928
0.8011663,-9.312724
1.3730302,-9.955055
1.0162313,-10.116414
1.6297089,-10.537313
1.9947262,-11.329147
-1.7810638,-12.27235
-1.9169174,-12.132516
1.3316417,-6.362776
1.9575766,-9.608612
1.3784003,-7.3606586
1.5332612,-7.129602
-0.14831106,-6.8668447
1.7103633,-6.73054
0.9921404,-8.098272
0.25041285,-7.5544696
0.12096737,-6.8428435
-0.23969935,-6.566574
-0.07457763,-6.61644
-0.2800322,-7.1977863
-0.31330082,-7.277646
0.9846984,-7.641241
0.46969777,-6.274486
0.37623256,-7.2109075
0.7965489,-7.724855
0.19693068,-7.830443
0.7932146,-6.7082095
0.59677976,-6.571108
1.8301272,-9.754775
0.94929737,-7.59867
-0.39169902,-7.1514506
0.2838353,-8.343079
-0.015872965,-8.143763
0.83936346,-7.6505136
0.8948389,-7.693619
0.57174355,-7.4650345
1.81081,-8.598581
1.9402257,-8.978833
1.9434526,-8.774551
-1.4845338,-11.322219
-1.5252514,-11.670107
-1.6025902,-11.414019
1.9891069,-9.593612
1.6844549,-9.537553
1.8307915,-9.632825
0.5200797,-7.25097
1.2641077,-9.4084
1.6540321,-9.609594
1.542986,-9.442207
2.051535,-9.348572
1.2562232,-6.055938
1.546082,-6.1644654
-0.32505676,-7.405554
0.6564018,-7.60177
1.617319,-7.369805
0.12807041,-7.0451202
0.357483,-8.471588
0.17970306,-7.1490474
1.6994253,-7.666482
1.7734011,-7.4083905
-0.4990616,-7.1983933
1.3147308,-7.740036
1.6538312,-7.598033
0.73194426,-7.11717
-0.005011577,-7.751122
0.43149674,-7.2316647
0.84993476,-6.8520856
0.13637045,-7.0386114
0.92756635,-7.3670187
-0.1946013,-6.5053825
1.4534298,-7.322366
1.1514915,-7.5002666
2.1616747,-9.6486225
0.12839076,-6.9420934
0.59417224,-6.8269887
0.5589734,-7.638394
0.2539172,-6.862251
1.221428,-6.8842874
1.1488173,-7.976931
-0.1522829,-6.6146774
1.1355414,-7.2558026
1.3797395,-9.379515
0.844072,-8.354396
1.1939079,-8.539263
1.8960505,-10.499703
1.3939561,-10.990476
2.1183014,-11.569398
2.1400218,-11.555052
-0.5269361,-7.5816774
0.77564436,-7.110283
1.4225181,-5.9747243
1.377002,-6.487098
1.4924065,-7.5680537
1.5864896,-7.8317275
1.0959328,-8.134544
-0.38642526,-7.883223
1.4533384,-7.7536845
1.2501723,-7.8214993
1.6365807,-6.899547
1.8815755,-8.034878
1.7661314,-7.9963803
1.7637587,-6.3227067
1.1769419,-6.0706234
1.5795099,-6.0936832
0.5632796,-6.284054
1.093638,-7.6856227
1.847148,-8.964285
1.6242968,-7.966415
1.4109917,-7.6056094
-1.9513887,-6.3815465
-1.7864994,-6.777423
-1.5489373,-6.5891237
-2.7229033,-7.4056983
-3.09738,-7.365228
-2.9442139,-7.3773265
-3.0461097,-6.933293
-2.8777676,-7.062021
-2.5185935,-7.673483
-2.794453,-8.016591
-2.490459,-7.738907
-2.542562,-7.8038154
-2.9490316,-7.1106424
-1.9587977,-7.0682626
-2.3732514,-7.113038
-2.5317204,-6.456601
-1.6598276,-6.9612346
-1.9983342,-6.6605425
-3.08871,-6.9698677
-2.4037726,-7.1981897
-2.3191924,-6.4008875
-2.2776043,-6.391448
-2.3878555,-6.2456756
-2.9099183,-6.7987
-1.6390439,-7.123657
-1.8987466,-7.403135
-2.5342736,-7.4964657
-1.7441955,-7.9705815
-1.8624959,-7.5407887
-2.9355373,-7.304164
-3.0634463,-7.0153337
-3.2214005,-6.9853425
-2.1591039,-6.2818065
-2.4986587,-6.2384715
-2.1615264,-6.129355
-0.20940663,-7.030095
1.1990538,-6.918852
0.4880147,-8.140539
-0.6732858,-7.65443
-0.24321464,-7.0184073
-0.07611042,-7.9273005
0.50446826,-7.412539
1.612809,-7.136333
0.30485156,-6.892851
0.48501638,-6.840026
1.3720944,-7.3647537
1.0653137,-7.4058514
1.0699663,-7.2198815
0.097657114,-8.121321
-0.10224722,-8.015784
-0.08792085,-6.2811027
1.1170566,-7.1241426
-0.3435674,-7.518221
1.499429,-5.9580073
0.7479036,-8.785976
0.2308781,-8.371457
1.6895614,-7.4870477
1.0046724,-7.4897285
-0.39633846,-7.237633
1.1413513,-8.224218
1.401651,-8.087744
1.3575329,-7.948174
1.5262704,-6.905049
0.4071542,-8.430644
0.94193137,-6.470841
1.8451737,-6.624709
1.8694099,-9.510067
1.8345425,-6.5800266
1.7697448,-7.060504
1.6920264,-7.425759
0.21926323,-7.884023
0.5991639,-6.1156077
0.45393425,-6.729741
1.3975224,-7.329091
1.6984769,-9.579038
1.2203451,-7.2603445
0.5391947,-6.4093695
0.5468687,-6.709941
0.70341605,-6.3765574
1.154411,-7.807568
0.23743539,-6.8753624
0.7144203,-7.2004204
0.758503,-7.4003806
-2.7991066,-6.7903094
-2.5984144,-7.166111
-2.9469213,-7.0857434
-1.7919061,-6.9248195
-2.1177619,-6.715467
-1.6272844,-6.9594507
-1.7348194,-6.573036
-1.7962075,-6.6298394
-1.7963542,-6.4635887
-2.326313,-7.2692895
-1.4538153,-7.2280817
-3.0856998,-6.963487
-3.2141564,-6.8487124
-3.2738497,-6.8840485
-3.1313012,-7.0045733
-2.3547738,-6.440772
1.3239269,-7.2850575
-2.5612292,-7.503399
-1.7159631,-8.10848
-2.0805492,-7.242881
-3.018366,-7.764055
-3.1561947,-7.4095187
-3.2535198,-7.7119975
-2.8215275,-7.534834
-1.6943629,-8.395326
-2.720533,-7.6436214
-2.861385,-7.3621283
-1.9533143,-7.9081707
-2.6758804,-6.5374246
-2.5398107,-6.657327
0.3501627,-6.9713044
0.029674271,-6.3066254
-0.23963477,-7.0198665
0.22358833,-5.781634
0.10358645,-5.7155414
0.58535945,-8.060327
0.010769842,-7.312345
0.04993738,-6.7244177
1.1220303,-7.0586004
1.581884,-7.144831
1.1994013,-7.298882
1.6989759,-7.389664
0.31756198,-7.6536293
0.4822901,-7.564743
1.1267755,-6.6400023
-0.147723,-7.277804
0.6881201,-7.963728
1.8716307,-7.923163
1.4972281,-7.7340245
1.6924176,-8.306033
1.6945269,-7.852731
1.7182307,-7.9427423
1.6892668,-7.59528
1.3253057,-6.7158566
0.030214999,-6.313955
0.97655994,-6.7717605
0.8495354,-6.746985
-0.5068215,-7.6320825
0.25129712,-8.3967085
0.5875186,-7.319621
0.6687175,-6.280476
0.1674129,-6.973997
0.8033999,-7.093499
0.20841254,-5.8389816
0.6912444,-6.9232
0.7398611,-6.5784
0.46742958,-7.601931
1.0819746,-7.079934
1.6759684,-7.6656427
1.6681188,-9.249413
0.70798385,-7.5017276
0.81082505,-7.030469
1.3175908,-7.5673156
1.5818228,-6.199973
1.6078457,-7.6267977
1.774986,-7.367713
1.2324593,-8.815022
0.81426144,-6.7867036
1.3580549,-6.110995
0.6249953,-7.4838037
1.3947802,-6.2743797
1.4972255,-6.0397954
0.7284849,-6.6765733
0.4977063,-8.175091
-0.17140837,-7.644495
0.22529592,-5.8067627
0.9219002,-6.987838
0.822574,-7.313414
1.3035288,-6.7286305
-0.36009043,-6.924356
0.7657263,-8.133694
0.9965983,-7.2875566
0.82442313,-6.60866
1.408474,-6.1092796
1.3899338,-6.057811
0.2721017,-7.113172
1.5730202,-6.290177
1.4056779,-6.992753
1.286827,-7.988762
2.0408697,-9.076067
0.015170051,-6.820738
0.12695126,-6.410169
1.4129525,-6.0704665
0.23860353,-5.9076986
0.773355,-8.018014
0.5780576,-7.2140594
0.9801475,-7.653194
1.6609398,-9.262287
0.7284166,-8.444157
0.5023588,-8.269727
0.11396721,-7.6110196
1.7440823,-6.171933
1.3100959,-7.491735
1.2785653,-6.871829
0.39870355,-7.139852
-0.23449549,-7.2763996
0.41380686,-7.3249626
0.7416935,-7.223343
0.2810171,-6.318447
1.7084057,-7.1602383
0.257219,-7.4054804
0.24230851,-7.284042
-2.792769,-7.1770363
-3.1476235,-7.861095
-2.8612177,-7.9223323
-3.0277214,-7.848762
-2.0904543,-6.7866735
-1.8950276,-7.849408
-1.9025651,-7.2596097
-2.476539,-7.732899
-2.0082333,-8.153843
-2.6935954,-7.875028
-2.0394757,-7.7849207
-2.4339685,-6.7321134
-2.030308,-6.955603
-2.120883,-6.7990665
-3.0135543,-7.6295123
-1.6957299,-8.580206
-2.7746801,-7.6579547
-2.6028113,-6.9458137
-2.3277743,-7.6534004
-2.2883081,-6.9861436
-2.2824905,-7.0397987
-2.1753716,-7.142466
-2.6299355,-7.445954
-2.1361423,-6.9051166
-1.9871486,-7.3859334
-1.8665788,-7.230406
-2.362806,-7.093074
-2.7488155,-7.5678496
-3.0628324,-7.61726
-2.2158914,-7.596316
-1.806235,-8.254864
-2.6096435,-7.725676
-2.6418436,-6.738752
-1.801722,-8.076142
-1.754615,-7.0751576
-1.763209,-7.381237
-3.5716078,-7.082826
-3.3593645,-6.921077
-3.415672,-6.934173
0.33776736,-7.0989246
0.97240746,-6.255221
-0.06513672,-7.154049
-2.785747,-7.3835373
-2.1855733,-7.449609
-2.3283098,-6.5499797
-2.4306145,-6.6296024
-2.2909002,-6.8266125
-1.7059491,-7.2863464
-3.0816169,-7.6217422
0.2741058,-6.890013
1.827883,-7.7360864
1.1645676,-6.736495
1.3427191,-7.6648636
0.45816848,-7.618014
1.7064306,-6.621693
-0.19474956,-7.9440227
1.3488526,-6.938822
0.8998154,-7.107168
0.95051694,-6.5296144
1.4566178,-7.9869967
1.6125453,-7.7708535
1.6934692,-8.130927
1.4659914,-6.4623933
0.2720199,-7.7009697
1.5137135,-7.7788134
1.421755,-7.348608
0.2679182,-7.2732506
0.34252977,-8.475365
-0.21012911,-6.519386
-0.11456223,-6.5887403
0.036537122,-6.564159
1.2730283,-8.159355
1.9186339,-7.433101
0.29088527,-8.171313
-7.751484,8.915078
-7.6296268,9.119736
-7.5475645,8.875678
-8.117115,7.636312
-8.550287,6.972618
-6.569065,7.581213
-7.243588,6.9872265
-8.5472,6.9231215
-8.165002,6.6505313
-7.920146,6.833797
-7.9424396,7.0872464
-6.320757,7.597324
-7.544398,6.822594
-6.988919,7.927147
-7.971599,6.7323236
-7.9484105,6.960954
-7.6906033,7.119095
-7.4363656,7.9489765
-8.621423,7.1309695
-8.30402,7.7623734
-6.3012915,7.532306
-8.629198,7.228936
-7.310359,8.176123
-8.472348,6.9560533
-7.8564057,7.2449174
-8.203754,8.527307
-8.011953,7.3066754
-7.2207284,6.810149
-7.305703,7.3619475
-7.939841,7.012427
-7.1166744,6.94443
-7.715254,7.3543067
-7.5248446,6.999804
-8.539633,7.876621
-6.387859,7.8435383
-7.1259155,8.17666
-6.6255198,7.5885315
-7.9851465,7.4698935
-8.517834,8.110141
-7.043848,7.2749577
-6.603581,8.517183
-6.474642,7.7831297
-7.0517173,6.9045234
-7.288423,6.597518
-7.382017,7.2657957
-7.8774543,7.413609
-7.437126,7.2360644
-8.457557,7.147663
-7.238894,8.303213
-8.252079,8.174169
-8.078708,6.883046
-7.061275,7.189591
-8.58224,6.984039
-7.130144,7.6717944
-8.358863,7.7540617
-7.4641185,8.68804
-8.348266,7.296623
-7.903561,6.935061
-7.786799,7.532102
-8.405619,7.3575625
-7.9929547,7.7032394
-8.789835,7.18882
-7.614891,8.861957
-6.7331953,7.5421863
-8.506399,8.241356
-7.9122252,7.304055
-8.275433,6.888486
-8.47765,7.4039803
-8.078373,7.686257
-7.595803,7.5841575
-8.833457,7.7161484
-7.8881307,8.288743
-7.4516177,7.3792877
-6.524817,7.6866546
-7.0686464,7.328389
-7.010841,7.6548905
-7.307589,6.819647
-7.609155,6.649393
-6.9791617,6.8319945
-8.506824,8.088865
-8.360579,7.7034917
-7.9305754,8.71368
-7.38022,8.969314
-7.88629,8.504357
-8.752121,7.662306
-7.775082,8.07346
-8.592702,8.1624975
-7.3536735,7.298279
-6.7362037,7.6568766
-6.570951,8.088215
-7.5749846,7.3745008
-7.457697,6.9914355
-7.9732246,7.2043514
-8.014449,7.204021
-8.162731,7.378046
-7.20079,7.4240046
-7.5278277,7.8098464
-7.397733,6.9468303
-8.293158,7.259877
-8.301968,7.465227
-6.6928926,7.682376
-6.7971835,8.504772
-8.3639765,7.5688524
-7.407752,8.624376
-7.1277695,8.265612
-6.9266257,8.367064
-8.173711,6.773331
-7.9011297,7.689933
-8.51124,7.716005
-6.9109178,7.7780256
-6.9032445,7.8866606
-7.5244474,9.231215
-8.155381,7.469189
-6.9800014,8.944748
-6.59395,8.280945
-7.510192,7.4149847
-7.510398,7.4690332
-8.150628,8.40384
-7.785266,7.026896
-8.35046,7.394777
-7.587597,8.412291
-8.361482,8.008802
-8.439339,6.7681904
-8.685863,6.864516
-7.7477365,7.0041394
-8.637177,8.192789
-7.30177,7.3082056
-8.813677,8.215297
-8.681729,8.492734
-8.262988,8.638075
-8.52235,8.474842
-7.6723037,7.4719205
-7.7018867,7.545342
-7.73287,7.0455337
-7.216701,7.5665503
-7.2474256,7.358834
-7.2083287,8.651667
-7.249525,7.1602025
-6.8234825,8.449688
-7.9679875,8.754326
-7.8074336,7.767906
-8.146241,6.9744673
-7.785281,8.101379
-8.095554,6.8063893
-8.117477,7.026405
-8.204136,7.2897716
-7.1084065,8.964971
-6.7964063,7.581076
-8.081137,8.513723
-6.476128,7.6314754
-7.1233506,7.8180103
-8.38794,8.682241
-7.303285,9.066565
-6.712417,7.2804413
-8.388113,7.051118
-7.2303343,8.410443
-6.8262434,6.9508805
-8.498626,8.114241
-8.15381,7.0038137
-6.2442913,7.5912647
-6.6567817,8.030745
-6.4681134,8.004101
-6.1654124,7.704652
-6.828865,7.718388
-6.5711646,8.26934
-6.8744416,7.2851887
-6.8589005,7.8096433
-6.889754,7.540862
-7.0552197,7.199135
-8.399179,8.606313
-6.573436,7.749207
-8.73046,7.5420423
-8.733937,7.6235566
-7.011764,8.04258
-6.394921,8.214784
-7.397169,8.035379
-6.5633674,8.262529
-6.819652,8.321184
-7.3273973,7.0621743
-7.3129067,8.2151165
-8.924069,7.3652134
-7.5755506,7.992425
-8.72233,7.6310835
-8.893727,7.5114894
-7.1257234,7.864931
-8.099375,8.380736
17.092396,1.4661237
17.519878,0.64302236
16.960215,2.0715108
17.408806,1.0308036
17.859697,1.3753226
17.925062,0.50475675
17.105907,1.8459955
17.507387,1.8617254
17.22061,1.6893694
18.913637,1.098582
18.247154,0.502931
18.461323,0.685945
18.058256,0.98643756
18.242773,0.968725
17.78278,1.6929431
16.667223,1.5051265
17.447746,1.6483239
16.629162,1.4278833
17.68122,2.812785
17.574566,1.5580232
17.983242,2.4576585
16.861181,1.3081806
16.892025,1.6371216
17.500824,2.1427727
17.916782,1.4547645
17.76319,1.1142138
17.573742,2.0549207
16.937525,1.7438223
16.957943,2.0186467
17.100992,1.8727617
6.977875,-3.1086812
7.6813636,-3.1221483
5.4280553,-2.4203022
6.0786686,-1.8926221
6.106655,-1.64359
6.5698667,-2.2646723
8.050913,-3.5129602
6.1211677,-2.0775762
5.77884,-2.2292333
7.7331223,-2.9838376
6.8573384,-2.9933739
5.223727,-1.9532317
5.7210255,-2.0825095
6.3282843,-1.6670908
6.103498,-1.4880372
8.427714,-3.4837568
5.321787,-2.010825
8.072445,-3.5987122
6.191466,-1.6920159
5.6500773,-2.0834124
6.3894134,-1.9140521
7.996835,-3.830552
8.9708805,-5.547891
7.1191216,-2.7819502
6.066464,-2.1850512
7.2737775,-3.351929
6.032227,-1.589336
5.56082,-2.1743882
6.7960377,-2.5921164
7.7240033,-3.31266
5.702834,-2.0450537
5.612854,-2.0220747
6.036301,-1.3686393
5.281754,-2.0462687
7.9247627,-3.7574115
5.87698,-2.081523
6.4167056,-2.2923813
8.311668,-3.0000463
7.8654394,-4.0444
6.445865,-1.6799678
7.6456394,-3.3138423
5.127241,-1.9739064
6.0310535,-2.0912876
6.5472054,-2.4603503
5.9967027,-1.9711978
7.3687944,-3.5169635
7.8558693,-3.3749194
5.8230276,-2.222327
6.773654,-2.370496
6.3740735,-1.6170363
5.074018,-1.8611264
6.045266,-2.0003548
6.3889065,-1.8366432
6.2459035,-2.192057
7.0758443,-2.8415556
6.3461833,-1.6893426
7.974925,-4.0717916
5.519626,-2.171605
5.293355,-2.0202484
6.239309,-1.9726063
5.8387713,-2.5100796
4.992376,-1.8112377
6.0089126,-2.0460892
6.740491,-2.5177839
6.0077934,-2.162959
7.516452,-3.077011
7.731837,-3.518568
6.0064797,-1.7241039
6.115657,-1.5292424
6.2349052,-1.8461034
5.8463845,-1.7494826
6.714646,-2.3224277
5.456065,-1.8840543
6.283976,-2.0266817
6.2415657,-1.9916508
5.900456,-1.8538547
7.184104,-2.9493377
9.4188385,-4.388631
7.001762,-2.7191262
7.9409475,-3.886405
7.3590465,-3.0688403
8.098684,-3.0528564
6.5257797,-2.5469809
8.340146,-3.0227282
5.8692317,-1.8017391
8.327305,-4.434742
7.6120944,-2.819174
7.8133254,-2.6606054
7.9782996,-4.094579
6.517121,-1.6806333
6.35878,-1.6997677
5.7003407,-1.8633066
5.9165936,-2.1342092
7.5512443,-2.744999
7.6594453,-3.1110168
6.2817802,-1.6061499
5.598595,-2.1382022
6.129206,-1.9771596
8.585601,-3.884687
6.1699915,-2.0241377
6.903153,-3.1178885
7.176993,-2.9924817
6.0857744,-1.7538216
6.160585,-1.4701302
6.166987,-1.8114194
17.875069,2.6834748
17.377338,1.5305469
17.373999,1.6783518
17.415802,2.728349
16.857233,2.007234
17.25923,2.3050182
18.859425,1.6251383
18.85638,1.5613244
19.196224,1.207273
18.248579,1.8789462
17.93526,2.0735497
17.886797,1.6351607
17.624983,2.6055293
18.23586,2.648716
17.458488,0.7917391
16.923887,1.0948825
16.978065,1.2162757
17.736845,0.78442824
17.849165,1.0938063
17.852142,0.8847933
16.586117,1.382214
17.75061,0.7263659
17.465502,0.7121603
18.282398,2.6094198
17.972816,2.4887145
17.317448,2.7630918
17.548302,2.5440762
17.468344,2.703191
18.325953,2.6876388
17.286467,1.2497848
17.163113,1.2245433
16.748997,1.0852695
16.848013,0.9011108
16.831722,0.96205795
16.516048,1.9989036
16.23621,2.0071847
16.298315,1.9473914
18.021893,2.1338933
16.956804,2.148784
17.772154,0.32352024
17.78732,1.2368414
18.042372,1.2678623
18.044285,1.4868151
17.524826,0.556484
17.351456,0.97784555
17.522528,0.8999698
17.402496,0.8116678
0.29764572,1.1209229
-0.17132044,0.95249313
0.51965356,0.23430035
0.1793174,1.1647421
1.1780319,0.36072183
0.6338562,0.20309691
0.4095831,0.840272
0.53076285,1.2794604
-0.40427867,1.2711614
0.42362678,0.5806513
-0.43302166,1.2466353
0.5900339,0.8730891
0.8521669,0.61257654
0.85722166,0.6776073
-0.23939891,0.868112
1.4230937,0.4530405
0.35171667,0.23832503
-0.081906125,0.9146591
0.52595186,1.3463045
1.1946303,0.8469513
-0.0038850813,1.0027877
0.7288802,0.78460705
0.61238545,0.5812565
0.3080942,0.28041938
-0.24453084,1.3281202
0.88315976,0.42909378
0.51976085,0.3611024
0.64352226,0.15313695
0.85077554,1.0379605
0.8000144,0.8428899
0.78698695,0.29266796
-0.011164159,1.063772
0.093077175,0.96427083
-0.33493122,1.1811055
1.0556779,0.62251025
0.5230597,0.409831
1.5173275,0.12771583
0.31636322,1.1538252
0.3051974,0.91617596
0.3425517,0.67920434
-0.12944874,1.1998229
0.43590438,0.20694624
0.5228839,1.1374801
0.46759585,0.41085744
0.35506952,0.914458
0.43802115,1.2402482
0.68179405,0.80403525
0.81067675,0.6683123
0.2631429,1.3498484
0.6222636,0.8628386
0.9685901,0.04863733
1.118787,0.3140825
0.36439988,1.0069095
0.79187405,0.20462671
0.7548178,0.8062209
-0.00081625296,1.3393819
0.7289159,0.6848855
0.78410286,0.22677736
0.5694814,0.39168197
0.73861104,0.7303739
0.5582717,1.012955
0.23848668,0.5466104
0.17218332,0.5311343
0.670912,0.42288578
0.60082746,0.093998
1.0815338,0.5145788
1.1848505,0.59110904
1.2869776,0.5089659
0.7676829,0.14016679
-0.3357058,1.1539668
0.91978246,0.958245
-6.922277,16.218664
-6.6539397,16.024681
-6.775702,16.170713
-7.075432,15.864692
-7.036886,16.025063
-7.0180945,16.1057
-7.120294,15.718582
-5.7531605,15.500038
-6.003505,15.388833
-6.956949,16.041405
-6.308085,15.138399
-6.4595857,14.926512
-6.8790054,15.0873
-6.5966306,15.819342
-6.913059,16.10648
-6.609176,15.952854
-6.1640406,15.8593855
-7.018716,16.09641
0.44443282,0.32698065
-0.30298552,1.1892987
0.24608387,0.7943904
1.2076714,0.21982202
-0.10704626,0.99647516
1.2043245,0.6429351
0.56550837,0.087663695
1.1851422,0.19706465
0.69516236,1.2106606
-0.3340773,1.1080885
0.30229414,0.33202052
0.66375667,0.014499004
0.24512568,0.7410178
0.9750496,0.3200317
0.9151388,0.36190066
1.1987927,0.05001509
0.16697387,0.8911562
0.57302564,0.53553265
0.7420653,0.28794792
0.83764386,0.20271723
0.10541801,1.4710711
0.90945834,1.0123676
0.55127895,0.3455893
0.3633247,0.8988339
0.7468751,0.55575395
0.3219218,1.0061144
-0.2886852,1.1118633
0.6012316,1.0657425
0.79549384,0.0014832749
0.72017086,0.5308287
0.3903418,0.48750034
0.571925,0.318417
0.90958244,0.71308094
0.7529521,0.17564097
17.523745,1.327018
17.95317,1.5784975
18.001036,0.79395306
17.714722,0.78883946
17.427015,0.8149056
17.712776,0.7287858
16.968725,1.7965024
17.737953,0.43932268
16.90234,1.478438
17.838436,1.7210433
17.285782,0.9576902
17.913904,0.54442775
18.929327,1.0715852
17.995163,2.1274521
17.394403,1.4015162
17.540728,2.4173381
17.44402,1.8967116
17.638704,1.106997
17.657713,0.5395733
17.60026,0.88797736
16.934965,1.8422912
17.235666,2.0253437
17.163168,1.4346017
17.54759,1.9708283
17.2664,1.8542831
18.00591,1.5855955
18.071968,2.8174496
18.399042,2.4316638
17.838654,2.1907141
17.332186,2.4797528
17.945866,0.5004781
17.424665,1.4859409
16.6347,1.3844969
16.991087,1.5125079
18.07617,1.5925609
17.69442,2.3714044
18.131187,2.1452427
18.192099,1.8772213
18.625809,2.2345858
18.126097,1.4145745
17.593222,1.0324668
17.626877,1.8524083
17.490026,1.4238663
17.904238,1.5326283
17.657587,1.5821923
18.06159,1.4277076
18.294056,0.7677634
18.223799,1.1822468
18.556303,1.1204189
18.961605,0.93323463
18.945677,0.8706306
16.961296,0.8195469
16.946413,1.0028536
17.071428,0.89765435
16.85228,1.3593597
17.397701,1.2804371
17.062056,1.3590328
17.01031,1.6666397
16.710846,1.771989
16.719007,1.9071374
16.611315,1.6969923
18.62812,1.6103728
18.032988,1.3153926
18.566147,1.2441125
17.771084,1.1066549
18.19024,1.7318215
18.144274,1.4721712
18.207468,0.8143632
17.392366,1.0776404
17.73213,1.0794111
17.022863,1.7747831
16.66201,1.7745893
16.818285,1.7206459
18.430859,1.6748132
18.279085,1.244779
18.105213,1.0121717
17.521435,1.1743574
17.48861,2.0286047
17.272692,1.6042356
17.43815,1.0714934
18.199705,1.6893489
17.779207,0.5792277
18.669619,0.76880723
18.88762,2.0431585
19.285923,0.88784444
18.717394,0.42872536
18.504332,0.3609015
18.644707,0.7581986
17.318592,1.4683164
17.269823,1.5562953
17.237896,1.7643446
18.181791,0.26003918
17.215416,1.0568622
18.026821,0.2723998
16.349546,1.9435539
16.962088,2.1182418
16.407457,1.9096968
18.118568,0.7370756
16.687075,1.3959498
16.836117,1.4295166
17.118324,1.7122904
19.244797,1.6669936
17.67782,1.8432691
18.165998,0.66361874
17.714832,1.2115018
-6.170976,15.8430605
-6.2870684,14.864053
-6.6656985,16.06958
-6.8840957,15.785277
-6.070097,15.84818
-6.8554225,15.660736
-6.2296395,15.968268
-6.6550407,16.163044
-6.3659024,15.32976
-6.4966965,15.308792
-6.580847,15.438735
-6.5186057,15.130943
-6.5280957,15.71897
-6.543447,16.12498
-7.0444813,16.030369
-6.9973674,16.071795
-6.163962,15.104033
-6.929887,16.101011
-5.7111406,15.524851
-6.400223,15.916129
-5.857346,15.24335
-6.467419,15.150999
-6.849215,15.988038
-6.750948,15.28867
-6.0901184,15.157555
-6.4619517,15.52171
-5.361784,15.356708
-6.6393642,14.917641
-5.8981314,15.614308
-6.2294316,14.856905
-6.977738,15.717065
-5.644311,15.15885
-5.618861,15.2249
-6.2228565,14.79139
-6.048996,15.268561
-7.030015,15.504935
-6.898751,15.4309845
-6.67051,15.21
-5.448021,15.4943495
-5.574973,15.386728
-5.2087655,15.517706
-7.0893903,15.843526
-6.190641,14.572314
-6.557361,15.8005
-6.5025406,15.134543
-6.4450574,15.053069
-6.5311837,15.872452
-6.586112,14.84425
-5.4453387,15.375532
-5.4940686,15.425832
-6.4542775,15.69732
-6.7345977,14.986202
-6.5226946,16.02812
-6.427481,15.876445
-6.272133,15.043832
-6.220273,15.15973
-6.541814,15.413662
-6.347889,15.66626
-6.8429337,15.532837
-5.2204156,15.302333
-5.153773,15.182125
-6.4361,16.123886
-6.6281457,15.894748
-6.6956778,15.144341
-6.3115687,14.63605
-6.959973,16.203005
-5.2355814,15.633628
-5.1102223,15.268906
-6.146351,15.308735
-6.753821,15.76187
-6.412554,15.798647
-6.4962883,14.988372
-6.1892924,15.455321
-6.0242934,15.351751
-5.3392653,15.371117
-7.1956925,16.10099
-6.9744134,16.040174
-6.3833423,14.680561
-7.0853066,15.37824
-6.3411183,15.463996
-6.532721,15.390289
-6.213331,15.754079
-6.056104,14.794626
-6.317214,15.433494
-6.8079214,16.009466
-5.396204,15.435219
-5.3586392,15.467424
-6.4474697,15.451499
-6.2469974,15.730179
-6.541391,14.723171
-6.939698,15.133653
-6.422621,15.879547
17.874159,7.5480742
5.595719,12.828432
8.002921,13.458046
6.9566655,13.743818
8.387539,12.7720585
8.385366,12.946447
8.466066,12.626368
10.092379,11.743881
8.538654,12.6830225
9.565688,12.0758505
9.610432,11.074289
8.555585,12.590632
9.3885,11.482293
9.249712,11.205507
9.1217985,11.170435
9.118768,11.076191
10.17309,11.008496
9.568873,11.160427
9.728682,10.921692
8.561508,12.685736
9.682591,11.989024
9.322305,11.993425
9.063611,11.822678
7.267887,13.1229
8.2187805,13.369024
7.487853,13.275224
7.5804596,13.341348
7.2638497,13.123223
7.3107586,13.181004
10.105139,11.278383
9.657611,11.890758
9.763246,11.5975895
8.4028225,12.613891
9.239628,11.152586
9.127018,11.298881
17.53259,6.6204805
16.814095,6.5334935
17.144869,6.519079
17.336306,6.059277
17.514528,5.773596
17.50487,5.6750674
17.722363,7.53308
17.7741,7.7780504
16.726656,5.3191066
16.593237,5.4989996
18.116404,7.2726374
18.057646,7.7043114
10.144995,11.2238035
10.166269,11.109183
10.106189,11.007847
9.544895,12.15802
10.273434,10.63998
9.835728,11.540162
9.588182,11.884339
9.854201,11.85849
9.326744,12.054878
8.723464,12.546682
10.191229,10.957133
9.516149,11.907491
10.575409,9.7247095
10.483118,9.619812
10.4704485,9.693916
10.556193,9.623453
10.609285,9.556914
10.501281,9.637985
10.409174,10.945487
10.382044,9.806893
8.877764,12.83742
10.290483,10.042082
10.346842,9.832024
10.227081,10.199982
10.271214,10.373014
10.020447,11.8301525
10.133061,10.778517
8.70509,12.583569
8.422059,12.7698555
8.492989,12.778627
9.58092,11.521538
9.759301,11.157154
10.297403,10.705086
9.94472,11.840512
10.171204,10.928926
10.286311,9.992304
10.18626,10.144845
10.249126,9.930568
10.21543,11.231219
10.468937,10.920345
10.454822,11.030499
9.020257,12.367357
9.452009,12.027601
9.251197,11.903802
9.940983,11.400048
9.529523,11.685266
8.90559,12.455426
9.7407255,11.893855
9.434524,12.05688
9.699335,12.166577
9.676081,11.883999
9.532249,12.158297
8.385399,12.848112
8.998652,12.697681
8.63675,12.636036
9.577287,11.946837
10.273528,10.181533
10.268972,11.052695
10.133229,10.467346
9.872971,11.041103
9.861075,10.844233
10.323145,10.801345
9.553838,12.195524
10.00479,11.458437
8.624888,12.855626
8.508399,13.05062
9.944381,12.243623
9.40134,12.602058
10.410033,11.482958
8.288772,13.1992
18.113676,7.2736387
18.001705,7.474546
17.934292,7.4694314
18.331455,6.903541
17.94099,6.236421
18.38177,6.707946
17.762499,5.977255
16.223642,4.9420414
17.537323,5.701829
17.07819,6.936119
17.013952,6.9841228
16.945656,5.5560884
16.961645,5.7790213
16.855898,6.7816167
18.078876,7.6187577
18.061703,6.395885
16.938902,5.562178
16.732609,5.3044724
17.0402,5.3738074
16.914742,5.787597
16.846281,5.2661934
17.894722,8.150546
17.788633,7.7754946
17.703007,8.026726
17.527605,7.911077
17.142103,5.464522
18.311367,6.961149
16.426748,5.9780865
18.20492,7.169918
17.963463,7.7080846
16.696198,5.8016877
17.01138,6.601209
18.16924,6.9432654
10.547382,14.86031
17.728052,6.4760118
17.362602,6.435864
17.028015,7.8801465
16.853043,7.7556787
16.86495,6.5126634
16.675652,7.704501
16.694887,7.704507
16.820267,7.8458586
17.4152,6.150516
17.160868,6.0905414
17.610237,6.3107686
17.196968,5.5627337
16.83265,3.5856009
16.93016,5.96443
16.820688,5.8202763
17.784327,6.710745
17.274511,6.473353
16.072615,4.8921137
10.670068,15.101657
17.851097,7.656495
16.75928,7.7551827
16.73865,7.5095096
16.62686,6.708179
10.43207,10.804457
10.719427,15.167518
17.68158,7.1674495
17.51103,7.1571503
17.714432,7.252712
17.484783,5.6786933
18.289421,6.7260756
18.241224,6.864611
17.68832,6.8073354
17.344149,6.3404393
17.185263,7.4868608
17.06687,7.3887687
17.251486,7.4985294
17.153994,7.321368
16.759163,5.821091
17.322006,6.384849
17.768587,6.311287
17.79675,8.042255
17.868608,7.4153447
18.48317,7.063153
18.27804,6.855857
17.199553,6.458056
17.951664,7.490699
17.186022,6.065354
18.336737,7.160918
18.197165,6.9245195
17.952131,7.6086955
16.931614,7.186933
17.079569,5.7894382
16.924643,5.542649
17.262495,5.6926427
17.142788,7.4680853
17.141865,7.3029923
17.16223,7.266595
17.87487,7.319962
17.772678,6.6683044
16.500362,5.689038
5.7455506,12.737661
5.381119,12.201396
5.0795827,13.42915
5.3042803,13.504108
5.1546235,12.0477915
4.487707,12.935342
4.9580975,12.718513
5.054146,12.818064
4.621055,13.441111
5.324197,12.877106
5.326839,13.097299
4.49664,11.471714
5.3422008,13.017889
5.0402913,11.996393
4.8877487,12.860687
5.3406105,13.57169
4.3967013,12.42396
4.683668,13.523166
4.7783246,11.67021
4.725076,11.756879
5.180349,12.238361
4.499041,12.881466
4.9743476,11.622492
4.7046666,11.8480215
5.0154605,13.067605
5.4884152,12.952711
4.79009,12.140117
5.0698066,13.303444
4.829571,13.389349
4.93704,13.162571
5.5731864,12.922222
5.729679,12.965939
5.118613,13.296795
5.298032,12.10846
4.5516086,13.020134
5.045832,12.940061
5.5365486,13.248915
5.0538816,12.11623
4.8212056,13.062935
4.8545446,13.607372
4.685397,13.175727
4.870139,13.57633
4.748668,11.927492
4.8838105,12.4550705
4.701902,12.198762
5.582265,13.464746
4.9475636,12.744741
4.9248757,13.169414
5.1205893,12.355465
5.6497517,12.355877
4.596488,13.385857
4.5610976,13.302689
5.437374,12.460229
4.672662,12.716667
5.124537,11.997009
4.7287827,11.819037
4.974505,12.294965
4.7356534,11.472434
5.719386,13.095236
5.626715,12.603724
5.28553,12.8516245
4.9201417,11.914811
5.175846,12.444377
5.386035,13.602014
4.995578,11.823299
5.478621,13.605047
4.9468875,13.379339
4.7713275,13.315285
4.833318,13.498285
4.669112,13.229996
5.508286,12.952232
4.976107,12.577127
5.2578974,12.708467
4.579127,11.982721
4.710228,12.28118
4.9492536,11.799902
4.6101365,12.306693
4.844533,11.524216
4.9389467,12.642811
5.3135114,13.229566
4.2109766,11.136136
5.4583106,12.537073
5.173735,12.982655
4.796043,12.682271
3.4936278,10.371164
4.760015,11.730957
4.8135777,11.993468
5.5442777,13.404915
5.7063828,12.840325
5.3651905,12.246509
5.0153418,12.495181
4.6003513,12.3979225
4.558181,11.203024
5.2838993,12.041708
5.339645,12.639011
4.614772,11.446686
4.801765,13.452868
4.96439,12.972528
3.6900995,10.905019
4.398498,12.4527645
4.8873615,13.043103
4.7220707,12.983125
4.686724,12.985254
5.586196,13.349606
5.682373,12.673392
5.040145,12.61037
5.307172,13.330611
5.0321255,12.960363
5.551325,13.292498
5.4425125,13.223244
5.3093038,12.5595455
2.0272434,-9.866847
2.0247662,-9.88271
6.086125,-13.308861
5.9782047,-13.2950535
2.3478801,-11.1844225
6.259151,-13.970441
2.6690154,-9.652311
6.0894575,-13.361945
2.4420109,-9.946424
6.4121795,-13.699571
2.7929564,-10.669272
6.080793,-13.762166
6.179983,-14.0653305
2.7248306,-10.716322
6.1957164,-14.267188
2.7742712,-10.251569
2.6243906,-9.7811365
6.5292354,-13.735852
5.91725,-14.0289955
6.2485666,-13.237476
2.171741,-11.295245
5.9610014,-13.803797
2.5596972,-10.5346775
2.624186,-10.135555
2.4651132,-9.771481
6.5294433,-14.153644
6.5820537,-13.762552
6.6895432,-13.569553
6.1652436,-13.601236
2.6406164,-9.706164
2.8964653,-10.392602
2.9090328,-10.169733
2.1080296,-9.694837
6.100379,-13.68654
2.595747,-10.154568
2.218736,-10.746959
2.2460039,-9.390276
6.0239024,-13.430087
5.917958,-13.773599
2.3168201,-10.525825
2.8753166,-10.3377495
6.460196,-13.7637615
2.5134842,-9.676212
2.1092277,-9.777201
2.3143432,-9.614186
6.1130676,-13.562755
1.4637848,-7.47541
2.3849392,-10.890595
6.0846996,-13.211538
2.9095614,-10.189629
2.4333072,-9.528632
6.172175,-13.589835
2.1802132,-9.179848
2.8485065,-10.56985
2.474506,-9.340316
0.9171597,-8.46115
0.9468226,-8.126441
2.4724202,-10.86536
2.4991114,-11.030234
6.1376557,-14.198108
6.2005324,-13.27698
6.127852,-13.518634
6.597983,-13.652701
6.242514,-13.6774435
6.4806952,-14.073774
6.3859053,-13.790084
2.3445313,-9.273946
5.7594256,-14.137326
6.402867,-14.042472
1.6248925,-8.32178
1.9859627,-9.00128
5.9753437,-14.196489
6.538411,-13.963016
6.4059186,-13.433895
6.167038,-14.161435
6.2004356,-13.69493
6.4800677,-13.435414
6.286914,-14.200746
5.945847,-13.850051
6.473183,-13.878988
6.478924,-13.848646
2.5606267,-10.629494
6.3757935,-14.009838
5.993169,-13.911552
6.3583016,-14.052048
5.8536835,-14.195779
6.2700286,-14.136765
6.5308027,-13.977637
5.7433705,-13.914686
1.8715547,-9.051342
6.286329,-13.995889
6.017717,-14.250003
5.9320025,-14.242121
2.204888,-9.250323
6.3043013,-13.821598
6.075602,-13.354322
6.3235965,-13.371749
6.4777393,-13.538965
6.3015323,-13.71072
6.3804317,-13.528876
6.215518,-13.4020605
6.0090613,-13.45797
6.014411,-13.702513
6.5124435,-13.812865
5.8109474,-14.014445
5.9873734,-14.065867
6.615978,-13.948811
6.301961,-14.121428
5.929775,-14.192006
6.5843344,-13.619078
6.311325,-13.551109
